,filename,class,width,height,xmin,ymin,xmax,ymax
0,41.jpg,adult_female,1248,832,855,339,870,354
1,41.jpg,adult_female,1248,832,787,286,802,301
2,41.jpg,adult_female,1248,832,756,418,771,433
3,41.jpg,adult_female,1248,832,786,427,801,442
4,41.jpg,adult_female,1248,832,810,438,825,453
5,41.jpg,adult_female,1248,832,756,585,771,600
6,41.jpg,adult_female,1248,832,719,561,734,576
7,41.jpg,adult_female,1248,832,806,474,821,489
8,41.jpg,adult_female,1248,832,832,366,847,381
9,41.jpg,adult_male,1248,832,766,576,788,598
10,41.jpg,adult_female,1248,832,737,550,752,565
11,41.jpg,adult_female,1248,832,725,574,740,589
12,41.jpg,adult_female,1248,832,792,439,807,454
13,41.jpg,adult_female,1248,832,869,285,884,300
14,41.jpg,adult_male,1248,832,802,511,825,533
15,41.jpg,adult_female,1248,832,760,487,775,502
16,41.jpg,adult_male,1248,832,817,442,840,465
17,41.jpg,juvenile,1248,832,846,315,861,330
18,41.jpg,adult_male,1248,832,765,374,788,397
19,41.jpg,adult_female,1248,832,817,377,832,392
20,41.jpg,adult_male,1248,832,828,398,851,421
21,41.jpg,adult_female,1248,832,841,355,856,370
22,41.jpg,adult_female,1248,832,742,588,757,603
23,41.jpg,adult_female,1248,832,754,513,769,528
24,41.jpg,adult_male,1248,832,562,567,584,590
25,41.jpg,adult_male,1248,832,674,383,696,405
26,41.jpg,adult_female,1248,832,817,308,832,323
27,41.jpg,adult_female,1248,832,736,612,751,627
28,41.jpg,adult_female,1248,832,754,569,769,584
29,41.jpg,adult_female,1248,832,793,463,808,478
30,41.jpg,adult_female,1248,832,732,632,747,647
31,41.jpg,adult_female,1248,832,804,453,819,468
32,41.jpg,adult_male,1248,832,846,321,868,343
33,41.jpg,adult_female,1248,832,803,468,818,483
34,41.jpg,adult_female,1248,832,761,555,776,570
35,41.jpg,adult_male,1248,832,860,298,883,320
36,41.jpg,adult_female,1248,832,784,558,799,573
37,41.jpg,adult_female,1248,832,772,527,787,542
38,41.jpg,adult_female,1248,832,816,422,831,437
39,41.jpg,adult_female,1248,832,859,337,874,352
40,41.jpg,adult_male,1248,832,631,531,653,553
41,41.jpg,adult_female,1248,832,775,547,790,562
42,41.jpg,adult_female,1248,832,795,301,810,316
43,41.jpg,adult_female,1248,832,732,540,747,555
44,41.jpg,adult_female,1248,832,802,407,817,422
45,41.jpg,adult_female,1248,832,755,616,770,631
46,41.jpg,adult_male,1248,832,717,447,739,470
47,41.jpg,adult_female,1248,832,787,539,802,554
48,41.jpg,adult_female,1248,832,729,608,744,623
49,41.jpg,juvenile,1248,832,809,402,824,417
50,41.jpg,adult_female,1248,832,847,335,862,350
51,41.jpg,juvenile,1248,832,747,499,762,514
52,41.jpg,adult_female,1248,832,751,498,766,513
53,41.jpg,adult_female,1248,832,776,469,791,484
54,41.jpg,adult_male,1248,832,793,236,816,259
55,41.jpg,adult_female,1248,832,804,350,819,365
56,41.jpg,adult_male,1248,832,682,481,705,503
57,41.jpg,adult_female,1248,832,758,322,773,337
58,41.jpg,adult_female,1248,832,749,441,764,456
59,41.jpg,juvenile,1248,832,789,472,804,487
60,41.jpg,adult_female,1248,832,824,418,839,433
61,41.jpg,juvenile,1248,832,746,552,761,567
62,41.jpg,adult_female,1248,832,776,490,791,505
63,41.jpg,adult_female,1248,832,867,336,882,351
64,41.jpg,adult_female,1248,832,788,513,803,528
65,41.jpg,juvenile,1248,832,864,348,879,363
66,41.jpg,adult_female,1248,832,714,582,729,597
67,41.jpg,adult_female,1248,832,808,424,823,439
68,41.jpg,juvenile,1248,832,863,285,878,300
69,41.jpg,adult_female,1248,832,727,615,742,630
70,41.jpg,adult_female,1248,832,753,602,768,617
71,41.jpg,juvenile,1248,832,772,541,787,556
72,41.jpg,adult_female,1248,832,786,521,801,536
73,41.jpg,adult_male,1248,832,676,617,698,640
74,41.jpg,adult_female,1248,832,703,569,718,584
75,41.jpg,adult_female,1248,832,779,453,794,468
76,41.jpg,adult_female,1248,832,769,562,784,577
77,41.jpg,adult_male,1248,832,753,300,776,322
78,41.jpg,juvenile,1248,832,792,452,807,467
79,41.jpg,adult_female,1248,832,783,440,798,455
80,41.jpg,juvenile,1248,832,848,344,863,359
81,41.jpg,adult_female,1248,832,831,284,846,299
82,41.jpg,juvenile,1248,832,723,621,738,636
83,41.jpg,adult_female,1248,832,782,508,797,523
84,41.jpg,adult_female,1248,832,737,626,752,641
85,41.jpg,juvenile,1248,832,848,362,863,377
86,41.jpg,adult_female,1248,832,793,333,808,348
87,41.jpg,adult_female,1248,832,827,303,842,318
88,41.jpg,adult_female,1248,832,732,587,747,602
89,41.jpg,pup,1248,832,780,442,787,449
90,41.jpg,adult_female,1248,832,790,489,805,504
91,41.jpg,pup,1248,832,749,587,756,594
92,41.jpg,pup,1248,832,564,498,571,506
93,41.jpg,adult_female,1248,832,742,609,757,624
94,41.jpg,pup,1248,832,811,491,818,498
95,41.jpg,adult_female,1248,832,736,600,751,615
96,41.jpg,pup,1248,832,724,626,732,633
97,41.jpg,pup,1248,832,759,505,766,512
98,41.jpg,pup,1248,832,781,508,789,515
99,41.jpg,adult_female,1248,832,874,283,889,298
100,41.jpg,pup,1248,832,816,380,823,388
101,41.jpg,pup,1248,832,750,621,757,628
102,41.jpg,pup,1248,832,792,486,800,494
103,41.jpg,pup,1248,832,811,418,818,425
104,41.jpg,pup,1248,832,789,558,797,565
105,41.jpg,pup,1248,832,830,366,838,374
106,41.jpg,adult_female,1248,832,791,500,806,515
107,41.jpg,adult_female,1248,832,741,417,756,432
108,41.jpg,pup,1248,832,782,524,790,532
109,41.jpg,pup,1248,832,738,598,745,606
110,41.jpg,pup,1248,832,785,431,792,439
111,41.jpg,pup,1248,832,753,601,760,609
112,41.jpg,pup,1248,832,755,617,763,625
113,41.jpg,juvenile,1248,832,839,340,854,355
114,41.jpg,pup,1248,832,618,505,626,513
115,41.jpg,pup,1248,832,797,435,805,443
116,41.jpg,pup,1248,832,803,475,811,483
117,41.jpg,pup,1248,832,815,460,822,468
118,41.jpg,pup,1248,832,801,312,808,320
119,41.jpg,pup,1248,832,704,628,712,636
120,41.jpg,pup,1248,832,791,298,799,305
121,41.jpg,pup,1248,832,739,623,746,631
122,41.jpg,pup,1248,832,774,524,782,532
123,41.jpg,pup,1248,832,797,355,805,363
124,41.jpg,adult_female,1248,832,875,289,890,304
125,41.jpg,pup,1248,832,772,490,780,497
126,41.jpg,pup,1248,832,777,463,785,470
127,41.jpg,pup,1248,832,731,588,738,596
128,41.jpg,pup,1248,832,814,436,821,443
129,41.jpg,pup,1248,832,770,469,778,476
130,41.jpg,pup,1248,832,582,508,589,515
131,41.jpg,pup,1248,832,774,551,781,558
132,41.jpg,adult_female,1248,832,851,338,866,353
133,41.jpg,pup,1248,832,758,521,766,529
134,41.jpg,pup,1248,832,761,320,769,327
135,41.jpg,adult_female,1248,832,755,545,770,560
136,41.jpg,pup,1248,832,768,518,775,525
137,41.jpg,pup,1248,832,755,585,762,593
138,41.jpg,pup,1248,832,779,513,786,520
139,41.jpg,pup,1248,832,784,480,791,487
140,41.jpg,pup,1248,832,777,300,785,308
141,41.jpg,pup,1248,832,743,615,750,623
142,41.jpg,pup,1248,832,795,499,803,507
143,41.jpg,pup,1248,832,760,352,768,359
144,41.jpg,pup,1248,832,740,640,748,647
145,41.jpg,pup,1248,832,792,500,800,507
146,41.jpg,pup,1248,832,691,589,698,597
147,41.jpg,pup,1248,832,774,293,781,301
148,41.jpg,pup,1248,832,806,426,813,434
149,41.jpg,pup,1248,832,748,570,755,577
150,41.jpg,pup,1248,832,803,456,811,463
151,41.jpg,pup,1248,832,838,352,846,359
152,41.jpg,juvenile,1248,832,834,299,849,314
153,41.jpg,pup,1248,832,751,453,759,461
154,41.jpg,pup,1248,832,767,507,774,514
155,41.jpg,adult_female,1248,832,774,500,789,515
156,41.jpg,pup,1248,832,771,546,779,554
157,41.jpg,pup,1248,832,791,469,798,477
158,41.jpg,adult_female,1248,832,778,568,793,583
159,41.jpg,adult_female,1248,832,814,468,829,483
160,41.jpg,pup,1248,832,753,324,761,331
161,41.jpg,juvenile,1248,832,729,551,744,566
162,41.jpg,pup,1248,832,621,519,628,527
163,41.jpg,adult_female,1248,832,815,410,830,425
164,41.jpg,adult_female,1248,832,722,538,737,553
165,41.jpg,adult_female,1248,832,847,306,862,321
166,41.jpg,adult_female,1248,832,819,426,834,441
167,41.jpg,adult_female,1248,832,784,495,799,510
168,41.jpg,juvenile,1248,832,815,476,830,491
169,41.jpg,juvenile,1248,832,762,597,777,612
170,41.jpg,adult_female,1248,832,754,630,769,645
171,41.jpg,juvenile,1248,832,778,541,793,556
172,41.jpg,adult_female,1248,832,837,333,852,348
173,41.jpg,adult_female,1248,832,803,490,818,505
174,41.jpg,adult_female,1248,832,857,354,872,369
175,41.jpg,adult_female,1248,832,781,575,796,590
176,41.jpg,adult_female,1248,832,755,410,770,425
177,42.jpg,adult_female,1248,832,1143,380,1158,395
178,42.jpg,adult_female,1248,832,950,414,965,429
179,42.jpg,adult_female,1248,832,1097,390,1112,405
180,42.jpg,adult_female,1248,832,1042,135,1057,150
181,42.jpg,adult_female,1248,832,938,400,953,415
182,42.jpg,adult_female,1248,832,1027,399,1042,414
183,42.jpg,adult_male,1248,832,1057,105,1079,127
184,42.jpg,adult_male,1248,832,1102,394,1125,417
185,42.jpg,adult_male,1248,832,1073,366,1095,389
186,42.jpg,adult_female,1248,832,1047,398,1062,413
187,42.jpg,adult_male,1248,832,1208,68,1230,90
188,42.jpg,subadult_male,1248,832,1074,391,1094,411
189,42.jpg,adult_female,1248,832,1042,403,1057,418
190,42.jpg,juvenile,1248,832,1036,129,1051,144
191,42.jpg,adult_male,1248,832,1192,459,1215,482
192,42.jpg,adult_male,1248,832,1223,615,1246,637
193,42.jpg,adult_female,1248,832,1072,407,1087,422
194,42.jpg,subadult_male,1248,832,903,352,923,372
195,42.jpg,adult_female,1248,832,1089,401,1104,416
196,42.jpg,subadult_male,1248,832,894,419,914,438
197,42.jpg,subadult_male,1248,832,992,400,1012,420
198,42.jpg,adult_male,1248,832,1232,471,1254,493
199,43.jpg,adult_female,1404,936,573,624,588,639
200,43.jpg,adult_female,1404,936,627,592,642,607
201,43.jpg,adult_female,1404,936,648,424,663,439
202,43.jpg,adult_female,1404,936,719,690,734,705
203,43.jpg,adult_female,1404,936,844,821,859,836
204,43.jpg,adult_female,1404,936,651,702,666,717
205,43.jpg,adult_female,1404,936,554,654,569,669
206,43.jpg,adult_female,1404,936,683,394,698,409
207,43.jpg,adult_female,1404,936,892,656,907,671
208,43.jpg,adult_female,1404,936,866,565,881,580
209,43.jpg,adult_female,1404,936,590,746,605,761
210,43.jpg,adult_female,1404,936,603,764,618,779
211,43.jpg,adult_female,1404,936,743,716,758,731
212,43.jpg,adult_female,1404,936,671,343,686,358
213,43.jpg,adult_female,1404,936,540,646,555,661
214,43.jpg,adult_female,1404,936,883,615,898,630
215,43.jpg,adult_female,1404,936,741,590,756,605
216,43.jpg,adult_female,1404,936,815,561,830,576
217,43.jpg,adult_female,1404,936,704,477,719,492
218,43.jpg,adult_female,1404,936,798,776,813,791
219,43.jpg,adult_female,1404,936,540,673,555,688
220,43.jpg,adult_female,1404,936,710,847,725,862
221,43.jpg,adult_female,1404,936,623,670,638,685
222,43.jpg,adult_female,1404,936,837,694,852,709
223,43.jpg,adult_female,1404,936,615,779,630,794
224,43.jpg,adult_female,1404,936,881,682,896,697
225,43.jpg,adult_female,1404,936,568,706,583,721
226,43.jpg,adult_female,1404,936,547,659,562,674
227,43.jpg,adult_female,1404,936,623,289,638,304
228,43.jpg,adult_female,1404,936,597,580,612,595
229,43.jpg,adult_female,1404,936,662,448,677,463
230,43.jpg,adult_female,1404,936,742,662,757,677
231,43.jpg,adult_female,1404,936,771,751,786,766
232,43.jpg,adult_female,1404,936,752,752,767,767
233,43.jpg,adult_female,1404,936,726,606,741,621
234,43.jpg,adult_female,1404,936,562,659,577,674
235,43.jpg,adult_female,1404,936,606,602,621,617
236,43.jpg,adult_female,1404,936,690,302,705,317
237,43.jpg,adult_female,1404,936,573,390,588,405
238,43.jpg,adult_female,1404,936,805,804,820,819
239,43.jpg,adult_female,1404,936,758,863,773,878
240,43.jpg,adult_female,1404,936,730,381,745,396
241,43.jpg,adult_female,1404,936,673,733,688,748
242,43.jpg,adult_female,1404,936,632,414,647,429
243,43.jpg,adult_female,1404,936,599,428,614,443
244,43.jpg,adult_male,1404,936,704,330,726,352
245,43.jpg,adult_female,1404,936,628,635,643,650
246,43.jpg,adult_female,1404,936,683,584,698,599
247,43.jpg,adult_female,1404,936,925,698,940,713
248,43.jpg,adult_female,1404,936,820,837,835,852
249,43.jpg,adult_female,1404,936,557,638,572,653
250,43.jpg,adult_female,1404,936,854,625,869,640
251,43.jpg,adult_female,1404,936,573,581,588,596
252,43.jpg,adult_female,1404,936,793,894,808,909
253,43.jpg,adult_female,1404,936,752,663,767,678
254,43.jpg,adult_female,1404,936,868,650,883,665
255,43.jpg,adult_female,1404,936,904,643,919,658
256,43.jpg,adult_female,1404,936,931,628,946,643
257,43.jpg,adult_female,1404,936,639,413,654,428
258,43.jpg,adult_female,1404,936,887,596,902,611
259,43.jpg,juvenile,1404,936,741,365,756,380
260,43.jpg,adult_female,1404,936,717,669,732,684
261,43.jpg,adult_female,1404,936,672,786,687,801
262,43.jpg,adult_male,1404,936,670,239,692,262
263,43.jpg,adult_male,1404,936,473,693,496,716
264,43.jpg,adult_female,1404,936,617,748,632,763
265,43.jpg,adult_female,1404,936,813,745,828,760
266,43.jpg,adult_female,1404,936,727,655,742,670
267,43.jpg,adult_female,1404,936,822,898,837,913
268,43.jpg,adult_female,1404,936,733,545,748,560
269,43.jpg,adult_female,1404,936,668,588,683,603
270,43.jpg,adult_female,1404,936,635,494,650,509
271,43.jpg,adult_female,1404,936,890,683,905,698
272,43.jpg,adult_female,1404,936,853,858,868,873
273,43.jpg,adult_female,1404,936,876,586,891,601
274,43.jpg,adult_female,1404,936,808,720,823,735
275,43.jpg,adult_female,1404,936,567,640,582,655
276,43.jpg,adult_female,1404,936,687,639,702,654
277,43.jpg,adult_female,1404,936,642,622,657,637
278,43.jpg,adult_female,1404,936,621,722,636,737
279,43.jpg,adult_female,1404,936,694,251,709,266
280,43.jpg,adult_female,1404,936,690,744,705,759
281,43.jpg,adult_female,1404,936,532,647,547,662
282,43.jpg,adult_female,1404,936,757,703,772,718
283,43.jpg,juvenile,1404,936,655,250,670,265
284,43.jpg,adult_female,1404,936,735,854,750,869
285,43.jpg,adult_female,1404,936,594,626,609,641
286,43.jpg,adult_female,1404,936,765,820,780,835
287,43.jpg,adult_female,1404,936,716,655,731,670
288,43.jpg,adult_female,1404,936,637,605,652,620
289,43.jpg,juvenile,1404,936,850,820,865,835
290,43.jpg,adult_female,1404,936,833,583,848,598
291,43.jpg,adult_female,1404,936,649,513,664,528
292,43.jpg,adult_female,1404,936,539,656,554,671
293,43.jpg,adult_female,1404,936,774,610,789,625
294,43.jpg,adult_female,1404,936,631,516,646,531
295,43.jpg,adult_female,1404,936,813,735,828,750
296,43.jpg,adult_female,1404,936,589,609,604,624
297,43.jpg,adult_female,1404,936,752,847,767,862
298,43.jpg,adult_female,1404,936,907,726,922,741
299,43.jpg,adult_male,1404,936,538,392,560,415
300,43.jpg,adult_female,1404,936,701,686,716,701
301,43.jpg,adult_female,1404,936,711,823,726,838
302,43.jpg,adult_female,1404,936,900,734,915,749
303,43.jpg,adult_female,1404,936,859,573,874,588
304,43.jpg,adult_female,1404,936,622,305,637,320
305,43.jpg,adult_female,1404,936,536,691,551,706
306,43.jpg,adult_female,1404,936,797,628,812,643
307,43.jpg,adult_female,1404,936,631,367,646,382
308,43.jpg,juvenile,1404,936,867,318,882,333
309,43.jpg,adult_female,1404,936,787,653,802,668
310,43.jpg,adult_female,1404,936,623,430,638,445
311,43.jpg,adult_female,1404,936,650,742,665,757
312,43.jpg,adult_male,1404,936,830,840,852,862
313,43.jpg,adult_female,1404,936,566,773,581,788
314,43.jpg,adult_female,1404,936,666,701,681,716
315,43.jpg,adult_female,1404,936,607,620,622,635
316,43.jpg,adult_female,1404,936,790,712,805,727
317,43.jpg,adult_female,1404,936,908,665,923,680
318,43.jpg,adult_male,1404,936,635,583,657,605
319,43.jpg,adult_female,1404,936,698,582,713,597
320,43.jpg,adult_female,1404,936,633,327,648,342
321,43.jpg,adult_female,1404,936,599,525,614,540
322,43.jpg,adult_female,1404,936,614,398,629,413
323,43.jpg,adult_female,1404,936,743,795,758,810
324,43.jpg,adult_female,1404,936,577,702,592,717
325,43.jpg,adult_female,1404,936,687,699,702,714
326,43.jpg,adult_male,1404,936,827,556,850,578
327,43.jpg,adult_female,1404,936,829,793,844,808
328,43.jpg,adult_female,1404,936,720,589,735,604
329,43.jpg,adult_female,1404,936,777,616,792,631
330,43.jpg,adult_female,1404,936,622,484,637,499
331,43.jpg,adult_male,1404,936,886,580,908,602
332,43.jpg,adult_female,1404,936,578,739,593,754
333,43.jpg,adult_female,1404,936,742,357,757,372
334,43.jpg,adult_female,1404,936,826,569,841,584
335,43.jpg,adult_female,1404,936,787,560,802,575
336,43.jpg,adult_female,1404,936,666,529,681,544
337,43.jpg,adult_male,1404,936,553,310,575,333
338,43.jpg,adult_female,1404,936,612,647,627,662
339,43.jpg,adult_female,1404,936,556,666,571,681
340,43.jpg,adult_female,1404,936,728,786,743,801
341,43.jpg,adult_female,1404,936,603,544,618,559
342,43.jpg,adult_female,1404,936,604,668,619,683
343,43.jpg,adult_male,1404,936,620,253,643,276
344,43.jpg,adult_female,1404,936,698,600,713,615
345,43.jpg,adult_female,1404,936,687,656,702,671
346,43.jpg,adult_female,1404,936,713,448,728,463
347,43.jpg,adult_female,1404,936,829,611,844,626
348,43.jpg,adult_male,1404,936,577,648,599,670
349,43.jpg,adult_female,1404,936,797,849,812,864
350,43.jpg,adult_female,1404,936,768,846,783,861
351,43.jpg,adult_female,1404,936,814,552,829,567
352,43.jpg,adult_female,1404,936,793,800,808,815
353,43.jpg,juvenile,1404,936,666,306,681,321
354,43.jpg,adult_female,1404,936,800,826,815,841
355,43.jpg,juvenile,1404,936,703,301,718,316
356,43.jpg,adult_female,1404,936,766,868,781,883
357,43.jpg,adult_female,1404,936,587,587,602,602
358,43.jpg,juvenile,1404,936,791,719,806,734
359,43.jpg,adult_female,1404,936,1006,602,1021,617
360,43.jpg,adult_female,1404,936,653,622,668,637
361,43.jpg,adult_female,1404,936,611,592,626,607
362,43.jpg,adult_female,1404,936,794,834,809,849
363,43.jpg,adult_male,1404,936,647,767,670,790
364,43.jpg,adult_female,1404,936,723,702,738,717
365,43.jpg,adult_female,1404,936,694,265,709,280
366,43.jpg,adult_female,1404,936,792,737,807,752
367,43.jpg,adult_female,1404,936,636,451,651,466
368,43.jpg,adult_female,1404,936,758,592,773,607
369,43.jpg,adult_female,1404,936,667,324,682,339
370,43.jpg,juvenile,1404,936,634,766,649,781
371,43.jpg,adult_female,1404,936,641,453,656,468
372,43.jpg,adult_female,1404,936,614,564,629,579
373,43.jpg,adult_female,1404,936,801,684,816,699
374,43.jpg,juvenile,1404,936,713,308,728,323
375,43.jpg,adult_female,1404,936,622,614,637,629
376,43.jpg,adult_female,1404,936,569,659,584,674
377,43.jpg,adult_female,1404,936,775,597,790,612
378,43.jpg,adult_female,1404,936,901,648,916,663
379,43.jpg,adult_female,1404,936,812,885,827,900
380,43.jpg,adult_female,1404,936,534,679,549,694
381,43.jpg,adult_female,1404,936,688,285,703,300
382,43.jpg,adult_female,1404,936,893,739,908,754
383,43.jpg,adult_female,1404,936,858,561,873,576
384,43.jpg,juvenile,1404,936,747,357,762,372
385,43.jpg,adult_female,1404,936,845,660,860,675
386,43.jpg,adult_female,1404,936,735,640,750,655
387,43.jpg,adult_female,1404,936,705,669,720,684
388,43.jpg,adult_female,1404,936,643,783,658,798
389,43.jpg,adult_female,1404,936,576,634,591,649
390,43.jpg,adult_female,1404,936,632,755,647,770
391,43.jpg,adult_female,1404,936,648,564,663,579
392,43.jpg,adult_female,1404,936,700,729,715,744
393,43.jpg,adult_female,1404,936,684,429,699,444
394,43.jpg,adult_female,1404,936,828,643,843,658
395,43.jpg,adult_female,1404,936,722,836,737,851
396,43.jpg,adult_female,1404,936,656,786,671,801
397,43.jpg,adult_female,1404,936,606,788,621,803
398,43.jpg,adult_female,1404,936,646,395,661,410
399,43.jpg,juvenile,1404,936,696,336,711,351
400,43.jpg,adult_female,1404,936,706,636,721,651
401,43.jpg,adult_female,1404,936,672,679,687,694
402,43.jpg,adult_female,1404,936,587,468,602,483
403,43.jpg,adult_female,1404,936,791,661,806,676
404,43.jpg,adult_female,1404,936,620,795,635,810
405,43.jpg,adult_female,1404,936,678,722,693,737
406,43.jpg,adult_female,1404,936,733,827,748,842
407,43.jpg,adult_female,1404,936,773,836,788,851
408,43.jpg,adult_female,1404,936,792,558,807,573
409,43.jpg,adult_female,1404,936,768,780,783,795
410,43.jpg,adult_female,1404,936,782,794,797,809
411,43.jpg,adult_female,1404,936,628,383,643,398
412,43.jpg,adult_female,1404,936,609,513,624,528
413,43.jpg,adult_female,1404,936,712,727,727,742
414,43.jpg,adult_female,1404,936,885,650,900,665
415,43.jpg,adult_female,1404,936,545,648,560,663
416,43.jpg,adult_female,1404,936,687,328,702,343
417,43.jpg,adult_female,1404,936,674,310,689,325
418,43.jpg,juvenile,1404,936,686,261,701,276
419,43.jpg,adult_female,1404,936,752,733,767,748
420,43.jpg,adult_female,1404,936,714,714,729,729
421,43.jpg,adult_female,1404,936,895,649,910,664
422,43.jpg,adult_female,1404,936,758,690,773,705
423,43.jpg,adult_female,1404,936,613,348,628,363
424,43.jpg,adult_female,1404,936,687,557,702,572
425,43.jpg,adult_female,1404,936,902,558,917,573
426,43.jpg,adult_female,1404,936,780,878,795,893
427,43.jpg,juvenile,1404,936,594,514,609,529
428,43.jpg,adult_female,1404,936,640,572,655,587
429,43.jpg,adult_female,1404,936,666,645,681,660
430,43.jpg,adult_female,1404,936,620,765,635,780
431,43.jpg,adult_female,1404,936,637,307,652,322
432,43.jpg,adult_female,1404,936,780,815,795,830
433,43.jpg,adult_female,1404,936,761,633,776,648
434,43.jpg,adult_female,1404,936,677,460,692,475
435,43.jpg,adult_female,1404,936,689,842,704,857
436,43.jpg,adult_female,1404,936,615,312,630,327
437,43.jpg,adult_female,1404,936,722,625,737,640
438,43.jpg,adult_female,1404,936,883,626,898,641
439,43.jpg,adult_female,1404,936,721,686,736,701
440,43.jpg,adult_female,1404,936,889,639,904,654
441,43.jpg,adult_female,1404,936,732,672,747,687
442,43.jpg,adult_female,1404,936,898,610,913,625
443,43.jpg,adult_female,1404,936,876,675,891,690
444,43.jpg,adult_female,1404,936,816,584,831,599
445,43.jpg,adult_female,1404,936,631,407,646,422
446,43.jpg,adult_male,1404,936,617,340,640,363
447,43.jpg,adult_female,1404,936,662,652,677,667
448,43.jpg,adult_female,1404,936,866,630,881,645
449,43.jpg,adult_female,1404,936,608,426,623,441
450,43.jpg,adult_female,1404,936,782,777,797,792
451,43.jpg,adult_male,1404,936,578,742,601,764
452,43.jpg,adult_female,1404,936,627,392,642,407
453,43.jpg,adult_female,1404,936,688,717,703,732
454,43.jpg,juvenile,1404,936,691,257,706,272
455,43.jpg,adult_female,1404,936,625,439,640,454
456,43.jpg,juvenile,1404,936,910,731,925,746
457,43.jpg,subadult_male,1404,936,740,886,759,905
458,43.jpg,juvenile,1404,936,662,244,677,259
459,43.jpg,adult_female,1404,936,653,378,668,393
460,43.jpg,juvenile,1404,936,877,561,892,576
461,43.jpg,adult_female,1404,936,578,685,593,700
462,43.jpg,adult_female,1404,936,667,633,682,648
463,43.jpg,juvenile,1404,936,645,316,660,331
464,43.jpg,adult_female,1404,936,646,360,661,375
465,43.jpg,adult_female,1404,936,663,305,678,320
466,43.jpg,adult_female,1404,936,656,672,671,687
467,43.jpg,adult_female,1404,936,660,374,675,389
468,43.jpg,subadult_male,1404,936,667,248,686,268
469,43.jpg,adult_female,1404,936,727,726,742,741
470,43.jpg,adult_female,1404,936,869,613,884,628
471,43.jpg,adult_female,1404,936,757,577,772,592
472,43.jpg,adult_female,1404,936,681,628,696,643
473,43.jpg,adult_female,1404,936,604,426,619,441
474,43.jpg,adult_female,1404,936,780,760,795,775
475,43.jpg,adult_female,1404,936,887,609,902,624
476,43.jpg,juvenile,1404,936,661,248,676,263
477,43.jpg,adult_male,1404,936,812,805,835,828
478,43.jpg,adult_female,1404,936,745,774,760,789
479,43.jpg,adult_female,1404,936,786,579,801,594
480,43.jpg,adult_female,1404,936,955,554,970,569
481,43.jpg,adult_female,1404,936,726,810,741,825
482,43.jpg,adult_female,1404,936,653,539,668,554
483,43.jpg,adult_female,1404,936,697,531,712,546
484,43.jpg,adult_male,1404,936,848,701,871,724
485,43.jpg,juvenile,1404,936,693,260,708,275
486,43.jpg,adult_male,1404,936,613,684,636,707
487,43.jpg,adult_female,1404,936,685,760,700,775
488,43.jpg,adult_male,1404,936,819,690,842,713
489,43.jpg,adult_female,1404,936,714,796,729,811
490,43.jpg,adult_male,1404,936,618,556,640,579
491,43.jpg,adult_female,1404,936,642,719,657,734
492,43.jpg,juvenile,1404,936,614,426,629,441
493,43.jpg,adult_female,1404,936,715,291,730,306
494,43.jpg,juvenile,1404,936,566,668,581,683
495,43.jpg,juvenile,1404,936,560,230,575,245
496,43.jpg,adult_female,1404,936,734,706,749,721
497,43.jpg,juvenile,1404,936,566,675,581,690
498,43.jpg,adult_female,1404,936,694,755,709,770
499,43.jpg,adult_male,1404,936,686,599,708,621
500,43.jpg,adult_male,1404,936,794,673,816,695
501,43.jpg,adult_female,1404,936,827,659,842,674
502,43.jpg,adult_female,1404,936,770,722,785,737
503,43.jpg,subadult_male,1404,936,940,771,960,791
504,43.jpg,adult_female,1404,936,746,616,761,631
505,43.jpg,juvenile,1404,936,906,686,921,701
506,43.jpg,adult_female,1404,936,683,326,698,341
507,43.jpg,adult_female,1404,936,830,628,845,643
508,43.jpg,adult_female,1404,936,533,669,548,684
509,43.jpg,adult_female,1404,936,635,473,650,488
510,43.jpg,adult_female,1404,936,910,688,925,703
511,43.jpg,adult_female,1404,936,650,597,665,612
512,43.jpg,juvenile,1404,936,886,682,901,697
513,43.jpg,adult_female,1404,936,640,535,655,550
514,43.jpg,adult_male,1404,936,660,541,682,564
515,43.jpg,adult_male,1404,936,916,689,939,711
516,43.jpg,adult_female,1404,936,660,523,675,538
517,43.jpg,adult_female,1404,936,708,613,723,628
518,43.jpg,adult_male,1404,936,669,359,691,382
519,43.jpg,adult_female,1404,936,670,299,685,314
520,43.jpg,adult_female,1404,936,620,740,635,755
521,43.jpg,adult_female,1404,936,752,684,767,699
522,43.jpg,adult_female,1404,936,583,772,598,787
523,43.jpg,adult_female,1404,936,643,658,658,673
524,43.jpg,adult_female,1404,936,759,835,774,850
525,43.jpg,adult_female,1404,936,889,572,904,587
526,43.jpg,adult_female,1404,936,609,654,624,669
527,43.jpg,adult_female,1404,936,600,399,615,414
528,43.jpg,juvenile,1404,936,869,595,884,610
529,43.jpg,adult_female,1404,936,763,800,778,815
530,43.jpg,adult_female,1404,936,661,612,676,627
531,43.jpg,adult_female,1404,936,764,687,779,702
532,43.jpg,adult_female,1404,936,659,734,674,749
533,43.jpg,juvenile,1404,936,578,392,593,407
534,43.jpg,adult_female,1404,936,845,605,860,620
535,43.jpg,adult_female,1404,936,726,749,741,764
536,43.jpg,juvenile,1404,936,746,353,761,368
537,43.jpg,adult_female,1404,936,626,378,641,393
538,43.jpg,adult_female,1404,936,618,394,633,409
539,43.jpg,juvenile,1404,936,594,541,609,556
540,43.jpg,adult_female,1404,936,693,615,708,630
541,43.jpg,adult_female,1404,936,723,760,738,775
542,43.jpg,adult_female,1404,936,628,701,643,716
543,43.jpg,subadult_male,1404,936,444,543,464,562
544,43.jpg,adult_female,1404,936,809,637,824,652
545,43.jpg,adult_female,1404,936,922,634,937,649
546,43.jpg,juvenile,1404,936,878,688,893,703
547,43.jpg,adult_female,1404,936,681,310,696,325
548,43.jpg,juvenile,1404,936,610,747,625,762
549,43.jpg,adult_female,1404,936,613,421,628,436
550,43.jpg,adult_male,1404,936,605,453,627,476
551,43.jpg,adult_female,1404,936,615,440,630,455
552,43.jpg,adult_female,1404,936,547,553,562,568
553,43.jpg,adult_female,1404,936,682,323,697,338
554,43.jpg,adult_male,1404,936,850,662,872,684
555,43.jpg,adult_female,1404,936,1020,612,1035,627
556,43.jpg,juvenile,1404,936,642,247,657,262
557,43.jpg,adult_female,1404,936,681,605,696,620
558,43.jpg,adult_female,1404,936,664,440,679,455
559,43.jpg,adult_female,1404,936,740,692,755,707
560,43.jpg,adult_female,1404,936,814,739,829,754
561,43.jpg,adult_female,1404,936,640,300,655,315
562,43.jpg,adult_female,1404,936,623,394,638,409
563,43.jpg,adult_female,1404,936,915,642,930,657
564,43.jpg,adult_female,1404,936,664,298,679,313
565,43.jpg,adult_female,1404,936,665,555,680,570
566,43.jpg,adult_female,1404,936,795,637,810,652
567,43.jpg,juvenile,1404,936,620,489,635,504
568,43.jpg,adult_male,1404,936,719,673,742,696
569,43.jpg,adult_female,1404,936,844,588,859,603
570,43.jpg,adult_female,1404,936,817,668,832,683
571,43.jpg,adult_female,1404,936,704,752,719,767
572,43.jpg,adult_male,1404,936,703,758,726,780
573,43.jpg,adult_female,1404,936,667,320,682,335
574,43.jpg,adult_female,1404,936,729,372,744,387
575,43.jpg,juvenile,1404,936,672,296,687,311
576,43.jpg,adult_female,1404,936,677,305,692,320
577,43.jpg,adult_female,1404,936,641,398,656,413
578,43.jpg,juvenile,1404,936,820,572,835,587
579,43.jpg,pup,1404,936,577,384,584,392
580,43.jpg,adult_female,1404,936,617,547,632,562
581,43.jpg,adult_female,1404,936,830,571,845,586
582,43.jpg,juvenile,1404,936,709,602,724,617
583,43.jpg,adult_female,1404,936,634,553,649,568
584,43.jpg,juvenile,1404,936,897,691,912,706
585,43.jpg,adult_female,1404,936,668,712,683,727
586,43.jpg,juvenile,1404,936,714,296,729,311
587,43.jpg,pup,1404,936,583,372,591,379
588,43.jpg,pup,1404,936,866,587,873,595
589,43.jpg,juvenile,1404,936,612,763,627,778
590,43.jpg,pup,1404,936,837,697,844,704
591,43.jpg,pup,1404,936,627,613,634,621
592,43.jpg,pup,1404,936,851,590,859,597
593,43.jpg,pup,1404,936,690,429,697,437
594,43.jpg,pup,1404,936,714,716,721,723
595,43.jpg,pup,1404,936,723,769,731,777
596,43.jpg,pup,1404,936,665,557,672,564
597,43.jpg,adult_female,1404,936,664,491,679,506
598,43.jpg,pup,1404,936,628,742,636,750
599,43.jpg,juvenile,1404,936,734,377,749,392
600,43.jpg,adult_female,1404,936,893,576,908,591
601,43.jpg,adult_female,1404,936,757,654,772,669
602,43.jpg,pup,1404,936,911,673,918,681
603,43.jpg,pup,1404,936,729,749,737,756
604,43.jpg,pup,1404,936,693,648,700,655
605,43.jpg,pup,1404,936,634,645,642,652
606,43.jpg,pup,1404,936,840,580,848,587
607,43.jpg,pup,1404,936,743,803,751,810
608,43.jpg,juvenile,1404,936,696,672,711,687
609,43.jpg,pup,1404,936,775,788,783,795
610,43.jpg,adult_female,1404,936,1013,606,1028,621
611,43.jpg,adult_female,1404,936,616,319,631,334
612,43.jpg,pup,1404,936,891,595,898,603
613,43.jpg,pup,1404,936,651,664,658,672
614,43.jpg,pup,1404,936,703,482,711,490
615,43.jpg,pup,1404,936,770,856,777,864
616,43.jpg,pup,1404,936,688,851,696,858
617,43.jpg,pup,1404,936,818,624,825,632
618,43.jpg,pup,1404,936,726,844,733,852
619,43.jpg,pup,1404,936,621,448,628,455
620,43.jpg,pup,1404,936,702,540,709,547
621,43.jpg,pup,1404,936,764,808,772,815
622,43.jpg,adult_female,1404,936,736,367,751,382
623,43.jpg,pup,1404,936,676,634,683,641
624,43.jpg,pup,1404,936,734,732,741,739
625,43.jpg,pup,1404,936,705,608,712,615
626,43.jpg,pup,1404,936,634,662,641,669
627,43.jpg,pup,1404,936,847,661,854,669
628,43.jpg,pup,1404,936,643,448,651,456
629,43.jpg,pup,1404,936,776,605,784,613
630,43.jpg,juvenile,1404,936,683,292,698,307
631,43.jpg,pup,1404,936,791,841,799,849
632,43.jpg,pup,1404,936,668,739,675,746
633,43.jpg,adult_female,1404,936,709,510,724,525
634,43.jpg,pup,1404,936,607,526,615,533
635,43.jpg,pup,1404,936,753,874,761,882
636,43.jpg,pup,1404,936,711,832,719,840
637,43.jpg,pup,1404,936,798,597,805,605
638,43.jpg,pup,1404,936,597,470,604,477
639,43.jpg,pup,1404,936,683,768,691,775
640,43.jpg,pup,1404,936,657,633,664,640
641,43.jpg,juvenile,1404,936,760,868,775,883
642,43.jpg,pup,1404,936,705,567,712,575
643,43.jpg,pup,1404,936,783,642,790,649
644,43.jpg,pup,1404,936,617,624,624,632
645,43.jpg,pup,1404,936,746,611,754,618
646,43.jpg,pup,1404,936,691,667,699,675
647,43.jpg,pup,1404,936,866,620,874,628
648,43.jpg,pup,1404,936,726,536,733,543
649,43.jpg,pup,1404,936,605,586,612,594
650,43.jpg,pup,1404,936,750,689,758,697
651,43.jpg,pup,1404,936,632,699,640,707
652,43.jpg,pup,1404,936,701,549,709,556
653,43.jpg,pup,1404,936,699,656,706,663
654,43.jpg,pup,1404,936,688,629,696,637
655,43.jpg,juvenile,1404,936,784,880,799,895
656,43.jpg,pup,1404,936,639,724,647,731
657,43.jpg,pup,1404,936,658,518,666,526
658,43.jpg,pup,1404,936,781,768,789,776
659,43.jpg,pup,1404,936,801,685,809,693
660,43.jpg,pup,1404,936,877,640,884,648
661,43.jpg,pup,1404,936,848,586,855,594
662,43.jpg,pup,1404,936,759,848,767,855
663,43.jpg,pup,1404,936,814,646,822,654
664,43.jpg,pup,1404,936,693,625,701,632
665,43.jpg,pup,1404,936,612,672,620,679
666,43.jpg,pup,1404,936,879,583,886,590
667,43.jpg,pup,1404,936,755,706,763,714
668,43.jpg,pup,1404,936,672,438,680,446
669,43.jpg,pup,1404,936,761,668,768,675
670,43.jpg,pup,1404,936,764,579,772,587
671,43.jpg,pup,1404,936,703,756,711,764
672,43.jpg,pup,1404,936,815,588,823,596
673,43.jpg,adult_female,1404,936,551,683,566,698
674,43.jpg,pup,1404,936,616,788,623,795
675,43.jpg,pup,1404,936,620,770,627,777
676,43.jpg,pup,1404,936,678,469,686,476
677,43.jpg,pup,1404,936,751,743,758,750
678,43.jpg,pup,1404,936,695,547,702,554
679,43.jpg,pup,1404,936,669,749,677,757
680,43.jpg,pup,1404,936,632,478,640,486
681,43.jpg,pup,1404,936,734,605,742,612
682,43.jpg,pup,1404,936,796,624,803,632
683,43.jpg,pup,1404,936,775,622,782,630
684,43.jpg,pup,1404,936,667,719,675,726
685,43.jpg,pup,1404,936,638,615,645,622
686,43.jpg,pup,1404,936,875,647,883,655
687,43.jpg,pup,1404,936,735,706,743,713
688,43.jpg,pup,1404,936,737,808,745,816
689,43.jpg,pup,1404,936,690,403,697,410
690,43.jpg,pup,1404,936,624,679,631,686
691,43.jpg,pup,1404,936,672,796,679,803
692,43.jpg,pup,1404,936,741,832,748,839
693,43.jpg,pup,1404,936,784,814,792,821
694,43.jpg,adult_female,1404,936,913,726,928,741
695,43.jpg,pup,1404,936,599,751,606,759
696,43.jpg,pup,1404,936,610,547,618,555
697,43.jpg,pup,1404,936,790,577,797,585
698,43.jpg,pup,1404,936,718,856,725,863
699,43.jpg,pup,1404,936,639,517,647,525
700,43.jpg,pup,1404,936,765,823,772,830
701,43.jpg,pup,1404,936,683,614,690,622
702,43.jpg,pup,1404,936,763,661,771,668
703,43.jpg,pup,1404,936,830,610,837,617
704,43.jpg,pup,1404,936,721,798,729,806
705,43.jpg,pup,1404,936,834,665,842,672
706,43.jpg,pup,1404,936,734,661,741,669
707,43.jpg,pup,1404,936,686,566,693,574
708,43.jpg,pup,1404,936,635,498,642,506
709,43.jpg,adult_female,1404,936,862,568,877,583
710,43.jpg,pup,1404,936,838,589,846,597
711,43.jpg,pup,1404,936,736,689,743,696
712,43.jpg,pup,1404,936,765,844,772,851
713,43.jpg,pup,1404,936,637,337,644,344
714,43.jpg,pup,1404,936,830,627,838,635
715,43.jpg,pup,1404,936,835,644,843,652
716,43.jpg,pup,1404,936,664,498,671,506
717,43.jpg,pup,1404,936,790,745,798,752
718,43.jpg,pup,1404,936,728,819,735,826
719,43.jpg,pup,1404,936,665,753,673,760
720,43.jpg,pup,1404,936,770,726,777,734
721,43.jpg,pup,1404,936,581,738,589,745
722,43.jpg,pup,1404,936,742,809,750,816
723,43.jpg,pup,1404,936,871,639,879,646
724,43.jpg,pup,1404,936,634,556,642,563
725,43.jpg,pup,1404,936,647,798,655,806
726,43.jpg,pup,1404,936,694,762,702,770
727,43.jpg,pup,1404,936,730,629,738,637
728,43.jpg,pup,1404,936,629,778,636,785
729,43.jpg,pup,1404,936,648,605,655,613
730,43.jpg,pup,1404,936,849,605,856,613
731,43.jpg,pup,1404,936,585,571,592,578
732,43.jpg,pup,1404,936,689,748,697,755
733,43.jpg,pup,1404,936,656,680,663,687
734,43.jpg,pup,1404,936,668,540,675,547
735,43.jpg,pup,1404,936,711,621,718,629
736,43.jpg,pup,1404,936,614,609,621,616
737,43.jpg,pup,1404,936,648,745,656,753
738,43.jpg,pup,1404,936,692,589,699,596
739,43.jpg,pup,1404,936,632,763,639,770
740,43.jpg,pup,1404,936,801,635,808,642
741,43.jpg,pup,1404,936,648,578,656,586
742,43.jpg,pup,1404,936,587,610,595,618
743,43.jpg,pup,1404,936,824,654,831,661
744,43.jpg,adult_female,1404,936,620,536,635,551
745,43.jpg,pup,1404,936,748,675,756,682
746,43.jpg,pup,1404,936,709,517,716,524
747,43.jpg,pup,1404,936,634,375,641,383
748,43.jpg,pup,1404,936,707,694,715,702
749,43.jpg,pup,1404,936,794,640,802,647
750,43.jpg,pup,1404,936,670,662,677,669
751,43.jpg,pup,1404,936,637,666,645,673
752,43.jpg,adult_female,1404,936,706,564,721,579
753,43.jpg,pup,1404,936,800,671,807,678
754,43.jpg,pup,1404,936,723,705,731,712
755,43.jpg,pup,1404,936,590,597,597,605
756,43.jpg,pup,1404,936,816,673,824,680
757,43.jpg,pup,1404,936,672,700,679,708
758,43.jpg,pup,1404,936,807,783,815,790
759,43.jpg,pup,1404,936,692,697,700,705
760,43.jpg,pup,1404,936,752,782,759,789
761,43.jpg,adult_female,1404,936,884,610,899,625
762,43.jpg,pup,1404,936,611,597,618,605
763,43.jpg,pup,1404,936,722,589,729,597
764,43.jpg,pup,1404,936,737,863,744,870
765,43.jpg,pup,1404,936,613,521,620,529
766,43.jpg,pup,1404,936,744,642,751,650
767,43.jpg,pup,1404,936,669,589,677,597
768,43.jpg,pup,1404,936,813,892,820,900
769,43.jpg,pup,1404,936,647,713,655,721
770,43.jpg,pup,1404,936,694,585,702,593
771,43.jpg,pup,1404,936,734,554,741,561
772,43.jpg,pup,1404,936,770,636,778,644
773,43.jpg,pup,1404,936,860,626,868,633
774,43.jpg,pup,1404,936,661,621,669,628
775,43.jpg,pup,1404,936,817,854,825,862
776,43.jpg,pup,1404,936,769,762,777,769
777,43.jpg,pup,1404,936,795,657,803,664
778,43.jpg,pup,1404,936,652,630,659,638
779,43.jpg,pup,1404,936,687,694,694,702
780,43.jpg,pup,1404,936,714,455,721,462
781,43.jpg,pup,1404,936,592,631,600,639
782,43.jpg,pup,1404,936,660,578,668,585
783,43.jpg,pup,1404,936,745,698,753,706
784,43.jpg,juvenile,1404,936,640,497,655,512
785,43.jpg,adult_female,1404,936,820,654,835,669
786,43.jpg,pup,1404,936,600,652,607,659
787,43.jpg,pup,1404,936,550,648,558,655
788,43.jpg,pup,1404,936,641,458,648,465
789,43.jpg,pup,1404,936,656,794,664,801
790,43.jpg,pup,1404,936,599,399,607,406
791,43.jpg,pup,1404,936,649,366,656,373
792,43.jpg,pup,1404,936,679,680,687,688
793,43.jpg,pup,1404,936,802,652,810,659
794,43.jpg,pup,1404,936,640,443,648,450
795,43.jpg,pup,1404,936,657,387,665,394
796,43.jpg,juvenile,1404,936,844,830,859,845
797,43.jpg,adult_female,1404,936,660,300,675,315
798,43.jpg,adult_female,1404,936,741,828,756,843
799,43.jpg,adult_female,1404,936,716,770,731,785
800,43.jpg,adult_female,1404,936,749,351,764,366
801,43.jpg,adult_female,1404,936,639,401,654,416
802,43.jpg,adult_female,1404,936,648,314,663,329
803,43.jpg,adult_female,1404,936,696,307,711,322
804,43.jpg,adult_female,1404,936,666,316,681,331
805,44.jpg,adult_female,1248,832,781,519,796,534
806,44.jpg,adult_female,1248,832,791,508,806,523
807,44.jpg,adult_female,1248,832,787,525,802,540
808,44.jpg,adult_female,1248,832,806,535,821,550
809,44.jpg,adult_female,1248,832,799,491,814,506
810,44.jpg,adult_male,1248,832,828,525,851,547
811,44.jpg,adult_female,1248,832,838,436,853,451
812,44.jpg,subadult_male,1248,832,727,300,747,319
813,44.jpg,juvenile,1248,832,775,360,790,375
814,44.jpg,adult_female,1248,832,817,546,832,561
815,44.jpg,adult_male,1248,832,755,362,778,384
816,44.jpg,juvenile,1248,832,810,547,825,562
817,44.jpg,subadult_male,1248,832,834,425,853,444
818,44.jpg,adult_female,1248,832,806,475,821,490
819,44.jpg,juvenile,1248,832,784,538,799,553
820,44.jpg,adult_female,1248,832,843,531,858,546
821,44.jpg,juvenile,1248,832,814,490,829,505
822,44.jpg,adult_female,1248,832,840,452,855,467
823,44.jpg,adult_female,1248,832,857,424,872,439
824,44.jpg,adult_female,1248,832,849,534,864,549
825,44.jpg,juvenile,1248,832,836,452,851,467
826,44.jpg,adult_male,1248,832,888,455,911,478
827,44.jpg,juvenile,1248,832,824,544,839,559
828,44.jpg,juvenile,1248,832,854,430,869,445
829,44.jpg,juvenile,1248,832,776,364,791,379
830,44.jpg,juvenile,1248,832,791,540,806,555
831,44.jpg,adult_female,1248,832,810,499,825,514
832,44.jpg,adult_female,1248,832,811,528,826,543
833,44.jpg,adult_female,1248,832,802,515,817,530
834,44.jpg,adult_female,1248,832,862,507,877,522
835,44.jpg,adult_female,1248,832,867,505,882,520
836,44.jpg,adult_female,1248,832,809,511,824,526
837,44.jpg,adult_female,1248,832,815,472,830,487
838,44.jpg,adult_female,1248,832,806,505,821,520
839,44.jpg,juvenile,1248,832,795,513,810,528
840,44.jpg,juvenile,1248,832,810,553,825,568
841,44.jpg,juvenile,1248,832,796,502,811,517
842,44.jpg,juvenile,1248,832,793,504,808,519
843,44.jpg,adult_female,1248,832,856,513,871,528
844,44.jpg,adult_female,1248,832,751,519,766,534
845,44.jpg,adult_female,1248,832,808,521,823,536
846,44.jpg,adult_female,1248,832,783,509,798,524
847,44.jpg,juvenile,1248,832,813,508,828,523
848,44.jpg,adult_female,1248,832,798,476,813,491
849,44.jpg,juvenile,1248,832,827,490,842,505
850,45.jpg,adult_female,1248,832,610,262,625,277
851,45.jpg,adult_female,1248,832,640,265,655,280
852,45.jpg,adult_female,1248,832,399,352,414,367
853,45.jpg,adult_female,1248,832,458,391,473,406
854,45.jpg,adult_female,1248,832,543,409,558,424
855,45.jpg,adult_male,1248,832,647,788,669,811
856,45.jpg,adult_female,1248,832,423,400,438,415
857,45.jpg,adult_female,1248,832,386,416,401,431
858,45.jpg,adult_female,1248,832,392,415,407,430
859,45.jpg,adult_female,1248,832,462,410,477,425
860,45.jpg,adult_female,1248,832,434,409,449,424
861,45.jpg,adult_female,1248,832,419,378,434,393
862,45.jpg,adult_female,1248,832,646,293,661,308
863,45.jpg,adult_female,1248,832,440,465,455,480
864,45.jpg,juvenile,1248,832,458,378,473,393
865,45.jpg,adult_female,1248,832,637,251,652,266
866,45.jpg,adult_female,1248,832,371,390,386,405
867,45.jpg,adult_female,1248,832,540,400,555,415
868,45.jpg,adult_female,1248,832,431,372,446,387
869,45.jpg,adult_female,1248,832,519,414,534,429
870,45.jpg,adult_female,1248,832,680,368,695,383
871,45.jpg,adult_female,1248,832,390,364,405,379
872,45.jpg,adult_female,1248,832,559,658,574,673
873,45.jpg,adult_female,1248,832,579,423,594,438
874,45.jpg,adult_female,1248,832,450,434,465,449
875,45.jpg,adult_female,1248,832,636,277,651,292
876,45.jpg,adult_female,1248,832,609,343,624,358
877,45.jpg,adult_female,1248,832,421,366,436,381
878,45.jpg,adult_female,1248,832,367,410,382,425
879,45.jpg,juvenile,1248,832,474,404,489,419
880,45.jpg,adult_female,1248,832,660,329,675,344
881,45.jpg,adult_female,1248,832,622,277,637,292
882,45.jpg,juvenile,1248,832,424,349,439,364
883,45.jpg,adult_female,1248,832,662,371,677,386
884,45.jpg,adult_female,1248,832,478,360,493,375
885,45.jpg,adult_female,1248,832,639,328,654,343
886,45.jpg,adult_female,1248,832,407,401,422,416
887,45.jpg,adult_male,1248,832,625,344,647,367
888,45.jpg,adult_female,1248,832,632,295,647,310
889,45.jpg,adult_female,1248,832,682,316,697,331
890,45.jpg,adult_female,1248,832,631,342,646,357
891,45.jpg,adult_female,1248,832,621,335,636,350
892,45.jpg,adult_female,1248,832,631,328,646,343
893,45.jpg,adult_female,1248,832,610,270,625,285
894,45.jpg,adult_female,1248,832,666,260,681,275
895,45.jpg,adult_female,1248,832,615,336,630,351
896,45.jpg,adult_female,1248,832,431,354,446,369
897,45.jpg,adult_female,1248,832,431,387,446,402
898,45.jpg,adult_male,1248,832,515,500,538,523
899,45.jpg,adult_female,1248,832,674,315,689,330
900,45.jpg,adult_female,1248,832,443,384,458,399
901,45.jpg,adult_female,1248,832,504,501,519,516
902,45.jpg,juvenile,1248,832,648,247,663,262
903,45.jpg,adult_female,1248,832,646,251,661,266
904,45.jpg,adult_female,1248,832,642,348,657,363
905,45.jpg,adult_female,1248,832,538,443,553,458
906,45.jpg,adult_female,1248,832,648,333,663,348
907,45.jpg,adult_female,1248,832,631,265,646,280
908,45.jpg,adult_female,1248,832,648,259,663,274
909,45.jpg,adult_female,1248,832,665,247,680,262
910,45.jpg,juvenile,1248,832,630,274,645,289
911,45.jpg,adult_female,1248,832,625,318,640,333
912,45.jpg,juvenile,1248,832,654,317,669,332
913,45.jpg,adult_female,1248,832,534,425,549,440
914,45.jpg,juvenile,1248,832,628,286,643,301
915,45.jpg,adult_female,1248,832,658,364,673,379
916,45.jpg,juvenile,1248,832,660,256,675,271
917,45.jpg,adult_female,1248,832,382,390,397,405
918,45.jpg,adult_female,1248,832,629,260,644,275
919,45.jpg,adult_female,1248,832,513,496,528,511
920,45.jpg,juvenile,1248,832,398,400,413,415
921,45.jpg,adult_female,1248,832,390,382,405,397
922,45.jpg,adult_female,1248,832,534,411,549,426
923,45.jpg,adult_female,1248,832,524,429,539,444
924,45.jpg,adult_male,1248,832,618,255,641,278
925,45.jpg,adult_female,1248,832,579,428,594,443
926,45.jpg,adult_female,1248,832,670,265,685,280
927,45.jpg,adult_female,1248,832,576,384,591,399
928,45.jpg,juvenile,1248,832,454,361,469,376
929,45.jpg,adult_female,1248,832,640,333,655,348
930,45.jpg,juvenile,1248,832,423,459,438,474
931,45.jpg,adult_female,1248,832,438,383,453,398
932,45.jpg,juvenile,1248,832,431,461,446,476
933,45.jpg,subadult_male,1248,832,656,318,675,337
934,45.jpg,adult_female,1248,832,412,355,427,370
935,45.jpg,adult_female,1248,832,656,270,671,285
936,45.jpg,subadult_male,1248,832,664,307,683,326
937,45.jpg,adult_female,1248,832,539,431,554,446
938,45.jpg,subadult_male,1248,832,412,346,432,365
939,45.jpg,adult_female,1248,832,393,431,408,446
940,45.jpg,juvenile,1248,832,658,264,673,279
941,45.jpg,juvenile,1248,832,639,245,654,260
942,45.jpg,adult_female,1248,832,448,362,463,377
943,45.jpg,juvenile,1248,832,628,321,643,336
944,45.jpg,adult_female,1248,832,474,420,489,435
945,45.jpg,adult_female,1248,832,664,251,679,266
946,45.jpg,adult_female,1248,832,667,366,682,381
947,45.jpg,adult_female,1248,832,655,253,670,268
948,45.jpg,adult_female,1248,832,555,275,570,290
949,45.jpg,subadult_male,1248,832,669,360,688,379
950,45.jpg,subadult_male,1248,832,377,402,397,422
951,45.jpg,adult_female,1248,832,527,440,542,455
952,45.jpg,subadult_male,1248,832,661,345,680,364
953,45.jpg,adult_female,1248,832,416,361,431,376
954,45.jpg,adult_female,1248,832,564,404,579,419
955,45.jpg,adult_female,1248,832,385,388,400,403
956,45.jpg,adult_female,1248,832,386,411,401,426
957,45.jpg,juvenile,1248,832,451,442,466,457
958,45.jpg,juvenile,1248,832,515,446,530,461
959,45.jpg,adult_female,1248,832,526,461,541,476
960,45.jpg,juvenile,1248,832,470,441,485,456
961,45.jpg,adult_female,1248,832,366,423,381,438
962,45.jpg,adult_female,1248,832,617,329,632,344
963,45.jpg,adult_female,1248,832,530,525,545,540
964,45.jpg,adult_female,1248,832,568,276,583,291
965,45.jpg,juvenile,1248,832,534,406,549,421
966,45.jpg,adult_female,1248,832,560,270,575,285
967,45.jpg,juvenile,1248,832,622,284,637,299
968,45.jpg,subadult_male,1248,832,418,415,437,434
969,45.jpg,juvenile,1248,832,382,430,397,445
970,45.jpg,adult_female,1248,832,584,315,599,330
971,45.jpg,juvenile,1248,832,665,337,680,352
972,45.jpg,adult_female,1248,832,454,414,469,429
973,45.jpg,juvenile,1248,832,661,339,676,354
974,45.jpg,juvenile,1248,832,617,270,632,285
975,45.jpg,adult_female,1248,832,669,350,684,365
976,45.jpg,adult_female,1248,832,633,322,648,337
977,45.jpg,adult_female,1248,832,514,436,529,451
978,45.jpg,adult_female,1248,832,393,421,408,436
979,45.jpg,adult_female,1248,832,515,429,530,444
980,45.jpg,adult_female,1248,832,513,463,528,478
981,45.jpg,juvenile,1248,832,514,417,529,432
982,45.jpg,adult_female,1248,832,653,349,668,364
983,45.jpg,juvenile,1248,832,542,471,557,486
984,45.jpg,adult_female,1248,832,379,413,394,428
985,45.jpg,adult_female,1248,832,510,446,525,461
986,45.jpg,adult_female,1248,832,378,418,393,433
987,45.jpg,juvenile,1248,832,564,410,579,425
988,46.jpg,adult_male,1404,936,1343,323,1365,345
989,46.jpg,subadult_male,1404,936,1363,322,1382,341
990,46.jpg,subadult_male,1404,936,1382,348,1402,367
991,46.jpg,subadult_male,1404,936,1333,511,1352,531
992,46.jpg,subadult_male,1404,936,1390,361,1409,381
993,46.jpg,error,1404,936,1255,549,1270,564
994,46.jpg,error,1404,936,567,181,582,196
995,46.jpg,error,1404,936,628,279,643,294
996,46.jpg,error,1404,936,636,339,651,354
997,47.jpg,adult_female,1404,936,938,536,953,551
998,47.jpg,adult_female,1404,936,1136,741,1151,756
999,47.jpg,adult_female,1404,936,1112,742,1127,757
1000,47.jpg,adult_female,1404,936,981,714,996,729
1001,47.jpg,adult_female,1404,936,1169,698,1184,713
1002,47.jpg,adult_female,1404,936,863,599,878,614
1003,47.jpg,adult_female,1404,936,1168,720,1183,735
1004,47.jpg,adult_male,1404,936,679,328,702,351
1005,47.jpg,adult_female,1404,936,831,567,846,582
1006,47.jpg,adult_female,1404,936,803,731,818,746
1007,47.jpg,adult_female,1404,936,940,682,955,697
1008,47.jpg,adult_female,1404,936,934,670,949,685
1009,47.jpg,adult_female,1404,936,789,748,804,763
1010,47.jpg,adult_male,1404,936,889,436,912,459
1011,47.jpg,adult_female,1404,936,1164,740,1179,755
1012,47.jpg,adult_male,1404,936,875,342,898,365
1013,47.jpg,adult_male,1404,936,471,243,494,266
1014,47.jpg,adult_female,1404,936,969,537,984,552
1015,47.jpg,adult_female,1404,936,982,527,997,542
1016,47.jpg,adult_female,1404,936,817,638,832,653
1017,47.jpg,adult_male,1404,936,376,567,399,589
1018,47.jpg,adult_male,1404,936,245,359,268,382
1019,47.jpg,adult_female,1404,936,1123,645,1138,660
1020,47.jpg,juvenile,1404,936,1141,737,1156,752
1021,47.jpg,adult_female,1404,936,1142,746,1157,761
1022,47.jpg,adult_male,1404,936,828,595,851,617
1023,47.jpg,adult_female,1404,936,968,696,983,711
1024,47.jpg,adult_female,1404,936,960,497,975,512
1025,47.jpg,adult_female,1404,936,1016,628,1031,643
1026,47.jpg,adult_female,1404,936,985,466,1000,481
1027,47.jpg,subadult_male,1404,936,949,324,968,343
1028,47.jpg,adult_female,1404,936,1137,664,1152,679
1029,47.jpg,adult_female,1404,936,989,678,1004,693
1030,47.jpg,adult_female,1404,936,1031,613,1046,628
1031,47.jpg,subadult_male,1404,936,220,291,240,310
1032,47.jpg,subadult_male,1404,936,663,229,682,249
1033,47.jpg,adult_male,1404,936,202,753,225,776
1034,47.jpg,subadult_male,1404,936,1212,704,1231,724
1035,47.jpg,subadult_male,1404,936,392,178,411,198
1036,47.jpg,adult_male,1404,936,920,697,942,719
1037,47.jpg,juvenile,1404,936,1139,672,1154,687
1038,47.jpg,subadult_male,1404,936,507,431,526,451
1039,47.jpg,adult_male,1404,936,918,747,940,769
1040,47.jpg,subadult_male,1404,936,270,322,290,341
1041,47.jpg,subadult_male,1404,936,175,331,195,350
1042,47.jpg,adult_female,1404,936,1095,650,1110,665
1043,47.jpg,adult_female,1404,936,975,763,990,778
1044,47.jpg,adult_male,1404,936,946,427,968,450
1045,47.jpg,adult_female,1404,936,1098,703,1113,718
1046,47.jpg,adult_female,1404,936,996,519,1011,534
1047,47.jpg,adult_female,1404,936,969,650,984,665
1048,47.jpg,adult_female,1404,936,785,718,800,733
1049,47.jpg,subadult_male,1404,936,278,297,298,316
1050,47.jpg,adult_female,1404,936,995,700,1010,715
1051,47.jpg,adult_female,1404,936,971,666,986,681
1052,47.jpg,subadult_male,1404,936,389,775,409,795
1053,47.jpg,adult_female,1404,936,1183,701,1198,716
1054,47.jpg,juvenile,1404,936,1021,627,1036,642
1055,47.jpg,adult_female,1404,936,932,608,947,623
1056,47.jpg,subadult_male,1404,936,292,346,312,365
1057,47.jpg,adult_male,1404,936,881,697,904,719
1058,47.jpg,adult_female,1404,936,948,466,963,481
1059,47.jpg,adult_female,1404,936,961,710,976,725
1060,47.jpg,adult_female,1404,936,899,524,914,539
1061,47.jpg,adult_female,1404,936,1028,752,1043,767
1062,47.jpg,adult_female,1404,936,1122,759,1137,774
1063,47.jpg,subadult_male,1404,936,897,719,916,739
1064,47.jpg,adult_female,1404,936,1159,749,1174,764
1065,47.jpg,adult_female,1404,936,1026,524,1041,539
1066,47.jpg,adult_female,1404,936,1065,606,1080,621
1067,47.jpg,subadult_male,1404,936,583,210,602,230
1068,47.jpg,adult_female,1404,936,825,743,840,758
1069,47.jpg,subadult_male,1404,936,618,315,637,334
1070,47.jpg,adult_female,1404,936,957,559,972,574
1071,47.jpg,adult_male,1404,936,692,713,714,736
1072,47.jpg,adult_female,1404,936,981,439,996,454
1073,47.jpg,adult_female,1404,936,1003,534,1018,549
1074,47.jpg,pup,1404,936,992,678,999,686
1075,47.jpg,adult_female,1404,936,958,761,973,776
1076,47.jpg,pup,1404,936,790,748,797,755
1077,47.jpg,pup,1404,936,954,506,962,514
1078,47.jpg,pup,1404,936,982,781,990,789
1079,47.jpg,pup,1404,936,1002,708,1010,716
1080,47.jpg,pup,1404,936,966,540,973,547
1081,47.jpg,pup,1404,936,936,686,943,694
1082,47.jpg,pup,1404,936,931,622,939,630
1083,47.jpg,pup,1404,936,953,764,960,772
1084,47.jpg,pup,1404,936,1041,616,1048,623
1085,47.jpg,pup,1404,936,972,695,979,703
1086,47.jpg,pup,1404,936,1003,519,1010,527
1087,47.jpg,pup,1404,936,974,474,981,481
1088,47.jpg,pup,1404,936,946,461,954,469
1089,47.jpg,pup,1404,936,940,535,948,542
1090,47.jpg,pup,1404,936,969,537,976,544
1091,47.jpg,pup,1404,936,858,603,866,611
1092,47.jpg,pup,1404,936,971,717,979,725
1093,47.jpg,pup,1404,936,838,575,846,583
1094,47.jpg,pup,1404,936,787,714,794,722
1095,47.jpg,pup,1404,936,800,738,807,746
1096,47.jpg,pup,1404,936,967,673,975,681
1097,47.jpg,pup,1404,936,1060,602,1068,610
1098,47.jpg,pup,1404,936,958,599,965,606
1099,47.jpg,pup,1404,936,978,444,986,451
1100,47.jpg,pup,1404,936,996,535,1003,542
1101,47.jpg,pup,1404,936,1090,741,1098,749
1102,47.jpg,pup,1404,936,1106,705,1114,712
1103,47.jpg,pup,1404,936,927,584,935,592
1104,47.jpg,pup,1404,936,1030,521,1038,528
1105,47.jpg,pup,1404,936,967,651,975,659
1106,47.jpg,pup,1404,936,812,639,819,647
1107,47.jpg,pup,1404,936,1090,631,1097,639
1108,47.jpg,error,1404,936,4,642,19,657
1109,47.jpg,error,1404,936,1352,675,1367,690
1110,47.jpg,error,1404,936,1364,621,1379,636
1111,47.jpg,error,1404,936,925,-8,940,7
1112,47.jpg,error,1404,936,1378,11,1393,26
1113,47.jpg,error,1404,936,53,194,68,209
1114,47.jpg,error,1404,936,697,64,712,79
1115,47.jpg,error,1404,936,1104,123,1119,138
1116,47.jpg,error,1404,936,152,137,167,152
1117,47.jpg,error,1404,936,192,93,207,108
1118,47.jpg,error,1404,936,132,75,147,90
1119,48.jpg,adult_female,1248,832,857,502,872,517
1120,48.jpg,juvenile,1248,832,1048,187,1063,202
1121,48.jpg,adult_female,1248,832,980,384,995,399
1122,48.jpg,adult_female,1248,832,871,485,886,500
1123,48.jpg,adult_female,1248,832,1015,201,1030,216
1124,48.jpg,juvenile,1248,832,875,616,890,631
1125,48.jpg,adult_female,1248,832,897,587,912,602
1126,48.jpg,adult_female,1248,832,958,522,973,537
1127,48.jpg,adult_female,1248,832,902,500,917,515
1128,48.jpg,adult_female,1248,832,883,541,898,556
1129,48.jpg,juvenile,1248,832,1063,182,1078,197
1130,48.jpg,adult_female,1248,832,1021,359,1036,374
1131,48.jpg,adult_female,1248,832,1044,187,1059,202
1132,48.jpg,juvenile,1248,832,905,608,920,623
1133,48.jpg,juvenile,1248,832,218,741,233,756
1134,48.jpg,adult_female,1248,832,897,562,912,577
1135,48.jpg,adult_male,1248,832,1020,333,1043,355
1136,48.jpg,adult_male,1248,832,828,588,851,610
1137,48.jpg,juvenile,1248,832,897,521,912,536
1138,48.jpg,adult_female,1248,832,863,499,878,514
1139,48.jpg,adult_female,1248,832,903,615,918,630
1140,48.jpg,adult_female,1248,832,1006,344,1021,359
1141,48.jpg,adult_female,1248,832,860,637,875,652
1142,48.jpg,adult_female,1248,832,787,655,802,670
1143,48.jpg,adult_female,1248,832,1058,191,1073,206
1144,48.jpg,adult_female,1248,832,815,523,830,538
1145,48.jpg,adult_female,1248,832,1037,177,1052,192
1146,48.jpg,juvenile,1248,832,893,626,908,641
1147,48.jpg,adult_female,1248,832,925,577,940,592
1148,48.jpg,adult_female,1248,832,911,106,926,121
1149,48.jpg,adult_female,1248,832,818,639,833,654
1150,48.jpg,juvenile,1248,832,947,531,962,546
1151,48.jpg,juvenile,1248,832,924,562,939,577
1152,48.jpg,adult_female,1248,832,927,585,942,600
1153,48.jpg,juvenile,1248,832,868,509,883,524
1154,48.jpg,adult_male,1248,832,850,321,873,344
1155,48.jpg,subadult_male,1248,832,1043,207,1062,227
1156,48.jpg,adult_female,1248,832,1021,316,1036,331
1157,48.jpg,adult_female,1248,832,913,526,928,541
1158,48.jpg,subadult_male,1248,832,922,466,942,485
1159,48.jpg,adult_female,1248,832,1037,355,1052,370
1160,48.jpg,juvenile,1248,832,1052,170,1067,185
1161,48.jpg,adult_female,1248,832,892,546,907,561
1162,48.jpg,juvenile,1248,832,891,498,906,513
1163,48.jpg,adult_female,1248,832,885,506,900,521
1164,48.jpg,adult_female,1248,832,1019,195,1034,210
1165,48.jpg,juvenile,1248,832,858,489,873,504
1166,48.jpg,adult_female,1248,832,934,541,949,556
1167,48.jpg,subadult_male,1248,832,1006,328,1026,348
1168,48.jpg,adult_female,1248,832,904,575,919,590
1169,48.jpg,juvenile,1248,832,839,512,854,527
1170,48.jpg,adult_female,1248,832,939,556,954,571
1171,48.jpg,adult_female,1248,832,938,531,953,546
1172,48.jpg,juvenile,1248,832,922,561,937,576
1173,48.jpg,juvenile,1248,832,1061,150,1076,165
1174,48.jpg,juvenile,1248,832,1056,188,1071,203
1175,48.jpg,adult_female,1248,832,1012,324,1027,339
1176,48.jpg,adult_female,1248,832,898,515,913,530
1177,48.jpg,adult_female,1248,832,1020,259,1035,274
1178,48.jpg,subadult_male,1248,832,1025,324,1044,344
1179,48.jpg,adult_female,1248,832,1010,322,1025,337
1180,48.jpg,adult_male,1248,832,928,555,951,578
1181,48.jpg,adult_female,1248,832,1005,338,1020,353
1182,48.jpg,juvenile,1248,832,1012,306,1027,321
1183,48.jpg,subadult_male,1248,832,921,532,941,552
1184,48.jpg,adult_female,1248,832,890,556,905,571
1185,48.jpg,adult_female,1248,832,921,599,936,614
1186,48.jpg,adult_female,1248,832,913,538,928,553
1187,48.jpg,adult_female,1248,832,913,531,928,546
1188,48.jpg,subadult_male,1248,832,1017,300,1037,320
1189,48.jpg,juvenile,1248,832,947,524,962,539
1190,48.jpg,subadult_male,1248,832,1005,316,1025,336
1191,48.jpg,adult_female,1248,832,946,555,961,570
1192,48.jpg,subadult_male,1248,832,897,508,917,527
1193,48.jpg,adult_female,1248,832,872,584,887,599
1194,48.jpg,adult_female,1248,832,1029,359,1044,374
1195,48.jpg,subadult_male,1248,832,915,592,935,611
1196,48.jpg,adult_female,1248,832,812,623,827,638
1197,48.jpg,juvenile,1248,832,999,183,1014,198
1198,48.jpg,subadult_male,1248,832,875,642,894,661
1199,48.jpg,adult_female,1248,832,991,176,1006,191
1200,48.jpg,adult_female,1248,832,912,582,927,597
1201,48.jpg,juvenile,1248,832,873,582,888,597
1202,48.jpg,adult_female,1248,832,892,620,907,635
1203,48.jpg,adult_male,1248,832,847,501,869,524
1204,48.jpg,adult_female,1248,832,807,635,822,650
1205,48.jpg,adult_female,1248,832,979,171,994,186
1206,48.jpg,juvenile,1248,832,1051,193,1066,208
1207,48.jpg,adult_female,1248,832,915,574,930,589
1208,48.jpg,adult_female,1248,832,901,625,916,640
1209,48.jpg,adult_female,1248,832,893,575,908,590
1210,48.jpg,adult_female,1248,832,1015,192,1030,207
1211,48.jpg,juvenile,1248,832,853,514,868,529
1212,48.jpg,adult_female,1248,832,883,514,898,529
1213,48.jpg,adult_female,1248,832,913,545,928,560
1214,48.jpg,adult_female,1248,832,866,623,881,638
1215,48.jpg,juvenile,1248,832,1016,356,1031,371
1216,48.jpg,adult_female,1248,832,996,185,1011,200
1217,48.jpg,adult_female,1248,832,768,600,783,615
1218,48.jpg,adult_female,1248,832,1034,192,1049,207
1219,48.jpg,adult_female,1248,832,928,537,943,552
1220,48.jpg,adult_female,1248,832,889,614,904,629
1221,48.jpg,adult_female,1248,832,942,564,957,579
1222,48.jpg,adult_female,1248,832,946,401,961,416
1223,48.jpg,adult_female,1248,832,893,604,908,619
1224,49.jpg,adult_female,1248,832,219,529,234,544
1225,49.jpg,adult_female,1248,832,176,543,191,558
1226,49.jpg,juvenile,1248,832,245,532,260,547
1227,49.jpg,adult_female,1248,832,246,508,261,523
1228,49.jpg,juvenile,1248,832,227,506,242,521
1229,49.jpg,juvenile,1248,832,194,543,209,558
1230,49.jpg,adult_female,1248,832,152,500,167,515
1231,49.jpg,juvenile,1248,832,246,511,261,526
1232,49.jpg,juvenile,1248,832,149,496,164,511
1233,49.jpg,juvenile,1248,832,77,554,92,569
1234,49.jpg,juvenile,1248,832,101,578,116,593
1235,49.jpg,juvenile,1248,832,219,524,234,539
1236,49.jpg,juvenile,1248,832,209,511,224,526
1237,49.jpg,juvenile,1248,832,139,581,154,596
1238,49.jpg,juvenile,1248,832,196,531,211,546
1239,49.jpg,juvenile,1248,832,100,575,115,590
1240,49.jpg,juvenile,1248,832,96,573,111,588
1241,49.jpg,juvenile,1248,832,205,540,220,555
1242,49.jpg,juvenile,1248,832,243,538,258,553
1243,50.jpg,adult_male,1248,832,909,565,932,587
